,employee id,average,lowest average,out time,in time
0,13,1233.5230769230768,1233.5230769230768,46.41538461538462,20.923076923076923
1,14,2998.532967032967,1233.5230769230768,47.43956043956044,22.747252747252748
2,15,3133.6309148264986,1233.5230769230768,19.539432176656153,10.49211356466877
3,16,3222.3051470588234,1233.5230769230768,54.91544117647059,37.63235294117647
4,17,3612.8892617449665,1233.5230769230768,49.7751677852349,19.651006711409394
